date,bitcoin,
17/07/2010,4,
18/07/2010,4,
19/07/2010,3,
20/07/2010,7,
21/07/2010,3,
22/07/2010,3,
23/07/2010,14,
24/07/2010,0,
25/07/2010,9,
26/07/2010,3,
27/07/2010,6,
28/07/2010,7,
29/07/2010,6,
30/07/2010,7,
31/07/2010,4,
01/08/2010,0,
02/08/2010,0,
03/08/2010,0,
04/08/2010,3,
05/08/2010,7,
06/08/2010,0,
07/08/2010,9,
08/08/2010,9,
09/08/2010,3,
10/08/2010,0,
11/08/2010,3,
12/08/2010,3,
13/08/2010,0,
14/08/2010,0,
15/08/2010,0,
16/08/2010,6,
17/08/2010,3,
18/08/2010,0,
19/08/2010,7,
20/08/2010,0,
21/08/2010,0,
22/08/2010,0,
23/08/2010,0,
24/08/2010,6,
25/08/2010,0,
26/08/2010,3,
27/08/2010,7,
28/08/2010,4,
29/08/2010,4,
30/08/2010,0,
31/08/2010,3,
01/09/2010,0,
02/09/2010,3,
03/09/2010,0,
04/09/2010,4,
05/09/2010,4,
06/09/2010,0,
07/09/2010,0,
08/09/2010,3,
09/09/2010,0,
10/09/2010,0,
11/09/2010,0,
12/09/2010,0,
13/09/2010,0,
14/09/2010,3,
15/09/2010,3,
16/09/2010,3,
17/09/2010,3,
18/09/2010,4,
19/09/2010,0,
20/09/2010,9,
21/09/2010,0,
22/09/2010,0,
23/09/2010,3,
24/09/2010,9,
25/09/2010,4,
26/09/2010,4,
27/09/2010,0,
28/09/2010,6,
29/09/2010,6,
30/09/2010,6,
01/10/2010,9,
02/10/2010,8,
03/10/2010,7,
04/10/2010,6,
05/10/2010,12,
06/10/2010,3,
07/10/2010,3,
08/10/2010,0,
09/10/2010,4,
10/10/2010,0,
11/10/2010,0,
12/10/2010,0,
13/10/2010,0,
14/10/2010,0,
15/10/2010,0,
16/10/2010,7,
17/10/2010,0,
18/10/2010,3,
19/10/2010,3,
20/10/2010,6,
21/10/2010,12,
22/10/2010,3,
23/10/2010,4,
24/10/2010,4,
25/10/2010,3,
26/10/2010,3,
27/10/2010,3,
28/10/2010,0,
29/10/2010,3,
30/10/2010,0,
31/10/2010,11,
01/11/2010,6,
02/11/2010,3,
03/11/2010,0,
04/11/2010,3,
05/11/2010,3,
06/11/2010,0,
07/11/2010,0,
08/11/2010,8,
09/11/2010,6,
10/11/2010,0,
11/11/2010,0,
12/11/2010,0,
13/11/2010,0,
14/11/2010,7,
15/11/2010,11,
16/11/2010,3,
17/11/2010,9,
18/11/2010,11,
19/11/2010,3,
20/11/2010,4,
21/11/2010,3,
22/11/2010,11,
23/11/2010,11,
24/11/2010,6,
25/11/2010,6,
26/11/2010,9,
27/11/2010,4,
28/11/2010,10,
29/11/2010,3,
30/11/2010,11,
01/12/2010,8,
02/12/2010,0,
03/12/2010,6,
04/12/2010,0,
05/12/2010,10,
06/12/2010,3,
07/12/2010,11,
08/12/2010,14,
09/12/2010,3,
10/12/2010,0,
11/12/2010,11,
12/12/2010,21,
13/12/2010,14,
14/12/2010,11,
15/12/2010,9,
16/12/2010,9,
17/12/2010,6,
18/12/2010,11,
19/12/2010,14,
20/12/2010,9,
21/12/2010,12,
22/12/2010,9,
23/12/2010,13,
24/12/2010,19,
25/12/2010,9,
26/12/2010,20,
27/12/2010,3,
28/12/2010,6,
29/12/2010,6,
30/12/2010,10,
31/12/2010,11,
01/01/2011,8,
02/01/2011,0,
03/01/2011,3,
04/01/2011,6,
05/01/2011,8,
06/01/2011,9,
07/01/2011,12,
08/01/2011,3,
09/01/2011,3,
10/01/2011,8,
11/01/2011,5,
12/01/2011,8,
13/01/2011,13,
14/01/2011,11,
15/01/2011,13,
16/01/2011,3,
17/01/2011,3,
18/01/2011,3,
19/01/2011,5,
20/01/2011,11,
21/01/2011,3,
22/01/2011,10,
23/01/2011,7,
24/01/2011,5,
25/01/2011,0,
26/01/2011,11,
27/01/2011,13,
28/01/2011,6,
29/01/2011,7,
30/01/2011,3,
31/01/2011,7,
01/02/2011,10,
02/02/2011,5,
03/02/2011,3,
04/02/2011,8,
05/02/2011,16,
06/02/2011,9,
07/02/2011,13,
08/02/2011,10,
09/02/2011,18,
10/02/2011,82,
11/02/2011,100,
12/02/2011,42,
13/02/2011,61,
14/02/2011,23,
15/02/2011,10,
16/02/2011,36,
17/02/2011,24,
18/02/2011,41,
19/02/2011,22,
20/02/2011,13,
21/02/2011,34,
22/02/2011,38,
23/02/2011,18,
24/02/2011,34,
25/02/2011,30,
25/02/2011,19.27587169,
26/02/2011,19.27587169,
27/02/2011,28.91380753,
28/02/2011,38.55174338,
01/03/2011,57.82761506,
02/03/2011,28.91380753,
03/03/2011,28.91380753,
04/03/2011,28.91380753,
05/03/2011,19.27587169,
06/03/2011,28.91380753,
07/03/2011,28.91380753,
08/03/2011,19.27587169,
09/03/2011,19.27587169,
10/03/2011,28.91380753,
11/03/2011,9.637935844,
12/03/2011,19.27587169,
13/03/2011,9.637935844,
14/03/2011,28.91380753,
15/03/2011,9.637935844,
16/03/2011,9.637935844,
17/03/2011,28.91380753,
18/03/2011,19.27587169,
19/03/2011,9.637935844,
20/03/2011,19.27587169,
21/03/2011,48.18967922,
22/03/2011,48.18967922,
23/03/2011,115.6552301,
24/03/2011,48.18967922,
25/03/2011,38.55174338,
26/03/2011,28.91380753,
27/03/2011,38.55174338,
28/03/2011,38.55174338,
29/03/2011,28.91380753,
30/03/2011,38.55174338,
31/03/2011,28.91380753,
01/04/2011,19.27587169,
02/04/2011,19.27587169,
03/04/2011,28.91380753,
04/04/2011,48.18967922,
05/04/2011,28.91380753,
06/04/2011,28.91380753,
07/04/2011,28.91380753,
08/04/2011,9.637935844,
09/04/2011,67.46555091,
10/04/2011,38.55174338,
11/04/2011,38.55174338,
12/04/2011,9.637935844,
13/04/2011,28.91380753,
14/04/2011,28.91380753,
15/04/2011,28.91380753,
16/04/2011,48.18967922,
17/04/2011,38.55174338,
18/04/2011,77.10348675,
19/04/2011,57.82761506,
20/04/2011,38.55174338,
21/04/2011,57.82761506,
22/04/2011,38.55174338,
23/04/2011,38.55174338,
24/04/2011,38.55174338,
25/04/2011,48.18967922,
26/04/2011,48.18967922,
27/04/2011,67.46555091,
28/04/2011,86.7414226,
29/04/2011,77.10348675,
30/04/2011,77.10348675,
01/05/2011,106.0172943,
02/05/2011,96.37935844,
03/05/2011,67.46555091,
04/05/2011,38.55174338,
05/05/2011,57.82761506,
06/05/2011,67.46555091,
07/05/2011,48.18967922,
08/05/2011,115.6552301,
09/05/2011,106.0172943,
10/05/2011,96.37935844,
11/05/2011,106.0172943,
12/05/2011,115.6552301,
13/05/2011,96.37935844,
14/05/2011,163.8449093,
15/05/2011,77.10348675,
16/05/2011,395.1553696,
17/05/2011,308.413947,
18/05/2011,221.6725244,
19/05/2011,501.1726639,
20/05/2011,385.5174338,
21/05/2011,269.8622036,
22/05/2011,279.5001395,
23/05/2011,289.1380753,
24/05/2011,298.7760112,
25/05/2011,385.5174338,
26/05/2011,337.3277545,
27/05/2011,260.2242678,
28/05/2011,212.0345886,
29/05/2011,260.2242678,
30/05/2011,279.5001395,
31/05/2011,655.3796374,
01/06/2011,491.534728,
02/06/2011,645.7417015,
03/06/2011,655.3796374,
04/06/2011,607.1899582,
05/06/2011,607.1899582,
06/06/2011,587.9140865,
07/06/2011,549.3623431,
08/06/2011,771.0348675,
09/06/2011,799.948675,
10/06/2011,742.12106,
11/06/2011,925.241841,
12/06/2011,944.5177127,
13/06/2011,693.9313808,
14/06/2011,790.3107392,
15/06/2011,819.2245467,
16/06/2011,848.1383543,
17/06/2011,848.1383543,
18/06/2011,751.7589958,
19/06/2011,732.4831241,
20/06/2011,963.7935844,
21/06/2011,703.5693166,
22/06/2011,799.948675,
23/06/2011,597.5520223,
24/06/2011,424.0691771,
25/06/2011,366.2415621,
26/06/2011,433.707113,
27/06/2011,510.8105997,
28/06/2011,433.707113,
29/06/2011,375.8794979,
30/06/2011,356.6036262,
01/07/2011,346.9656904,
02/07/2011,318.0518829,
03/07/2011,337.3277545,
04/07/2011,318.0518829,
05/07/2011,327.6898187,
06/07/2011,279.5001395,
07/07/2011,491.534728,
08/07/2011,318.0518829,
09/07/2011,308.413947,
10/07/2011,404.7933054,
11/07/2011,289.1380753,
12/07/2011,289.1380753,
13/07/2011,318.0518829,
14/07/2011,404.7933054,
15/07/2011,260.2242678,
16/07/2011,221.6725244,
17/07/2011,240.9483961,
18/07/2011,318.0518829,
19/07/2011,337.3277545,
20/07/2011,327.6898187,
21/07/2011,279.5001395,
22/07/2011,221.6725244,
23/07/2011,202.3966527,
24/07/2011,212.0345886,
25/07/2011,240.9483961,
26/07/2011,289.1380753,
27/07/2011,260.2242678,
28/07/2011,221.6725244,
29/07/2011,212.0345886,
30/07/2011,231.3104603,
31/07/2011,318.0518829,
01/08/2011,289.1380753,
02/08/2011,269.8622036,
03/08/2011,298.8843442,
04/08/2011,268.9959097,
05/08/2011,328.7727786,
06/08/2011,328.7727786,
07/08/2011,378.5868359,
08/08/2011,268.9959097,
09/08/2011,249.0702868,
10/08/2011,259.0330983,
11/08/2011,259.0330983,
12/08/2011,209.2190409,
13/08/2011,229.1446639,
14/08/2011,268.9959097,
15/08/2011,268.9959097,
16/08/2011,229.1446639,
17/08/2011,239.1074753,
18/08/2011,278.9587212,
19/08/2011,259.0330983,
20/08/2011,239.1074753,
21/08/2011,308.8471556,
22/08/2011,249.0702868,
23/08/2011,249.0702868,
24/08/2011,328.7727786,
25/08/2011,199.2562294,
26/08/2011,199.2562294,
27/08/2011,249.0702868,
28/08/2011,149.4421721,
29/08/2011,219.1818524,
30/08/2011,199.2562294,
31/08/2011,229.1446639,
01/09/2011,209.2190409,
02/09/2011,199.2562294,
03/09/2011,169.367795,
04/09/2011,199.2562294,
05/09/2011,159.4049835,
06/09/2011,239.1074753,
07/09/2011,219.1818524,
08/09/2011,219.1818524,
09/09/2011,199.2562294,
10/09/2011,268.9959097,
11/09/2011,189.293418,
12/09/2011,189.293418,
13/09/2011,189.293418,
14/09/2011,169.367795,
15/09/2011,169.367795,
16/09/2011,159.4049835,
17/09/2011,179.3306065,
18/09/2011,179.3306065,
19/09/2011,159.4049835,
20/09/2011,159.4049835,
21/09/2011,169.367795,
22/09/2011,159.4049835,
23/09/2011,109.5909262,
24/09/2011,119.5537377,
25/09/2011,179.3306065,
26/09/2011,159.4049835,
27/09/2011,119.5537377,
28/09/2011,139.4793606,
29/09/2011,139.4793606,
30/09/2011,129.5165491,
01/10/2011,119.5537377,
02/10/2011,99.62811472,
03/10/2011,119.5537377,
04/10/2011,169.367795,
05/10/2011,129.5165491,
06/10/2011,129.5165491,
07/10/2011,99.62811472,
08/10/2011,199.2562294,
09/10/2011,129.5165491,
10/10/2011,179.3306065,
11/10/2011,149.4421721,
12/10/2011,139.4793606,
13/10/2011,119.5537377,
14/10/2011,119.5537377,
15/10/2011,109.5909262,
16/10/2011,129.5165491,
17/10/2011,139.4793606,
18/10/2011,179.3306065,
19/10/2011,179.3306065,
20/10/2011,109.5909262,
21/10/2011,119.5537377,
22/10/2011,159.4049835,
23/10/2011,89.66530325,
24/10/2011,129.5165491,
25/10/2011,119.5537377,
26/10/2011,99.62811472,
27/10/2011,79.70249177,
28/10/2011,99.62811472,
29/10/2011,69.7396803,
30/10/2011,99.62811472,
31/10/2011,99.62811472,
01/11/2011,179.3306065,
02/11/2011,139.4793606,
03/11/2011,109.5909262,
04/11/2011,99.62811472,
05/11/2011,99.62811472,
06/11/2011,79.70249177,
07/11/2011,99.62811472,
08/11/2011,89.66530325,
09/11/2011,69.7396803,
10/11/2011,89.66530325,
11/11/2011,79.70249177,
12/11/2011,59.77686883,
13/11/2011,69.7396803,
14/11/2011,99.62811472,
15/11/2011,99.62811472,
16/11/2011,79.70249177,
17/11/2011,89.66530325,
18/11/2011,89.66530325,
19/11/2011,79.70249177,
20/11/2011,89.66530325,
21/11/2011,99.62811472,
22/11/2011,59.77686883,
23/11/2011,69.7396803,
24/11/2011,89.66530325,
25/11/2011,119.5537377,
26/11/2011,109.5909262,
27/11/2011,129.5165491,
28/11/2011,89.66530325,
29/11/2011,99.62811472,
30/11/2011,89.66530325,
01/12/2011,79.70249177,
02/12/2011,89.66530325,
03/12/2011,89.66530325,
04/12/2011,109.5909262,
05/12/2011,69.7396803,
06/12/2011,69.7396803,
07/12/2011,69.7396803,
08/12/2011,79.70249177,
09/12/2011,69.7396803,
10/12/2011,59.77686883,
11/12/2011,79.70249177,
12/12/2011,99.62811472,
13/12/2011,79.70249177,
14/12/2011,79.70249177,
15/12/2011,59.77686883,
16/12/2011,59.77686883,
17/12/2011,79.70249177,
18/12/2011,59.77686883,
19/12/2011,59.77686883,
20/12/2011,79.70249177,
21/12/2011,89.66530325,
22/12/2011,89.66530325,
23/12/2011,89.66530325,
24/12/2011,69.7396803,
25/12/2011,99.62811472,
26/12/2011,99.62811472,
27/12/2011,79.70249177,
28/12/2011,79.70249177,
29/12/2011,89.66530325,
30/12/2011,89.66530325,
31/12/2011,79.70249177,
01/01/2012,109.5909262,
02/01/2012,129.5165491,
03/01/2012,89.66530325,
04/01/2012,89.66530325,
05/01/2012,99.62811472,
06/01/2012,119.5537377,
07/01/2012,119.5537377,
08/01/2012,119.5537377,
09/01/2012,130.1555005,
10/01/2012,130.1555005,
11/01/2012,122.0207817,
12/01/2012,109.8187036,
13/01/2012,101.6839848,
14/01/2012,77.27982843,
15/01/2012,101.6839848,
16/01/2012,406.7359391,
17/01/2012,207.435329,
18/01/2012,130.1555005,
19/01/2012,134.2228599,
20/01/2012,134.2228599,
21/01/2012,146.4249381,
22/01/2012,122.0207817,
23/01/2012,81.34718782,
24/01/2012,109.8187036,
25/01/2012,93.549266,
26/01/2012,113.886063,
27/01/2012,134.2228599,
28/01/2012,117.9534223,
29/01/2012,105.7513442,
30/01/2012,109.8187036,
31/01/2012,101.6839848,
01/02/2012,97.61662539,
02/02/2012,101.6839848,
03/02/2012,117.9534223,
04/02/2012,134.2228599,
05/02/2012,81.34718782,
06/02/2012,93.549266,
07/02/2012,117.9534223,
08/02/2012,93.549266,
09/02/2012,122.0207817,
10/02/2012,122.0207817,
11/02/2012,109.8187036,
12/02/2012,113.886063,
13/02/2012,89.48190661,
14/02/2012,81.34718782,
15/02/2012,117.9534223,
16/02/2012,105.7513442,
17/02/2012,97.61662539,
18/02/2012,81.34718782,
19/02/2012,97.61662539,
20/02/2012,89.48190661,
21/02/2012,81.34718782,
22/02/2012,113.886063,
23/02/2012,105.7513442,
24/02/2012,81.34718782,
25/02/2012,89.48190661,
26/02/2012,89.48190661,
27/02/2012,97.61662539,
28/02/2012,85.41454722,
29/02/2012,97.61662539,
01/03/2012,85.41454722,
02/03/2012,134.2228599,
03/03/2012,134.2228599,
04/03/2012,105.7513442,
05/03/2012,89.48190661,
06/03/2012,85.41454722,
07/03/2012,73.21246904,
08/03/2012,73.21246904,
09/03/2012,73.21246904,
10/03/2012,89.48190661,
11/03/2012,89.48190661,
12/03/2012,65.07775026,
13/03/2012,97.61662539,
14/03/2012,97.61662539,
15/03/2012,69.14510965,
16/03/2012,65.07775026,
17/03/2012,89.48190661,
18/03/2012,73.21246904,
19/03/2012,85.41454722,
20/03/2012,93.549266,
21/03/2012,93.549266,
22/03/2012,97.61662539,
23/03/2012,81.34718782,
24/03/2012,97.61662539,
25/03/2012,65.07775026,
26/03/2012,85.41454722,
27/03/2012,73.21246904,
28/03/2012,113.886063,
29/03/2012,73.21246904,
30/03/2012,69.14510965,
31/03/2012,89.48190661,
01/04/2012,85.41454722,
02/04/2012,150.4922975,
03/04/2012,158.6270163,
04/04/2012,130.1555005,
05/04/2012,117.9534223,
06/04/2012,105.7513442,
07/04/2012,89.48190661,
08/04/2012,93.549266,
09/04/2012,81.34718782,
10/04/2012,109.8187036,
11/04/2012,105.7513442,
12/04/2012,130.1555005,
13/04/2012,101.6839848,
14/04/2012,77.27982843,
15/04/2012,81.34718782,
16/04/2012,85.41454722,
17/04/2012,89.48190661,
18/04/2012,113.886063,
19/04/2012,97.61662539,
20/04/2012,89.48190661,
21/04/2012,109.8187036,
22/04/2012,117.9534223,
23/04/2012,126.0881411,
24/04/2012,89.48190661,
25/04/2012,65.07775026,
26/04/2012,138.2902193,
27/04/2012,170.8290944,
28/04/2012,117.9534223,
29/04/2012,85.41454722,
30/04/2012,93.549266,
01/05/2012,85.41454722,
02/05/2012,89.48190661,
03/05/2012,69.14510965,
04/05/2012,73.21246904,
05/05/2012,117.9534223,
06/05/2012,178.9638132,
07/05/2012,113.886063,
08/05/2012,101.6839848,
09/05/2012,97.61662539,
10/05/2012,126.0881411,
11/05/2012,93.549266,
12/05/2012,113.886063,
13/05/2012,105.7513442,
14/05/2012,146.4249381,
15/05/2012,93.549266,
16/05/2012,77.27982843,
17/05/2012,77.27982843,
18/05/2012,105.7513442,
19/05/2012,93.549266,
20/05/2012,113.886063,
21/05/2012,113.886063,
22/05/2012,97.61662539,
23/05/2012,89.48190661,
24/05/2012,97.61662539,
25/05/2012,73.21246904,
26/05/2012,93.549266,
27/05/2012,97.61662539,
28/05/2012,101.6839848,
29/05/2012,85.41454722,
30/05/2012,85.41454722,
31/05/2012,81.34718782,
01/06/2012,93.549266,
02/06/2012,65.07775026,
03/06/2012,81.34718782,
04/06/2012,85.41454722,
05/06/2012,97.61662539,
06/06/2012,73.21246904,
07/06/2012,89.48190661,
08/06/2012,117.9534223,
09/06/2012,130.1555005,
10/06/2012,117.9534223,
11/06/2012,101.6839848,
12/06/2012,97.61662539,
13/06/2012,126.0881411,
14/06/2012,117.9534223,
15/06/2012,109.8187036,
15/06/2012,100.8282089,
16/06/2012,104.562587,
17/06/2012,134.4376119,
18/06/2012,89.62507459,
19/06/2012,123.2344776,
20/06/2012,123.2344776,
21/06/2012,97.09383081,
22/06/2012,89.62507459,
23/06/2012,112.0313432,
24/06/2012,119.5000995,
25/06/2012,89.62507459,
26/06/2012,85.89069648,
27/06/2012,108.2969651,
28/06/2012,115.7657213,
29/06/2012,112.0313432,
30/06/2012,100.8282089,
01/07/2012,104.562587,
02/07/2012,74.68756216,
03/07/2012,93.3594527,
04/07/2012,119.5000995,
05/07/2012,85.89069648,
06/07/2012,67.21880594,
07/07/2012,89.62507459,
08/07/2012,97.09383081,
09/07/2012,141.9063681,
10/07/2012,100.8282089,
11/07/2012,119.5000995,
12/07/2012,119.5000995,
13/07/2012,112.0313432,
14/07/2012,89.62507459,
15/07/2012,141.9063681,
16/07/2012,104.562587,
17/07/2012,115.7657213,
18/07/2012,119.5000995,
19/07/2012,175.5157711,
20/07/2012,156.8438805,
21/07/2012,164.3126367,
22/07/2012,112.0313432,
23/07/2012,130.7032338,
24/07/2012,119.5000995,
25/07/2012,89.62507459,
26/07/2012,115.7657213,
27/07/2012,100.8282089,
28/07/2012,78.42194027,
29/07/2012,85.89069648,
30/07/2012,119.5000995,
31/07/2012,138.17199,
01/08/2012,108.2969651,
02/08/2012,138.17199,
03/08/2012,153.1095024,
04/08/2012,119.5000995,
05/08/2012,156.8438805,
06/08/2012,112.0313432,
07/08/2012,138.17199,
08/08/2012,145.6407462,
09/08/2012,134.4376119,
10/08/2012,119.5000995,
11/08/2012,115.7657213,
12/08/2012,141.9063681,
13/08/2012,130.7032338,
14/08/2012,160.5782586,
15/08/2012,197.9220397,
16/08/2012,171.781393,
17/08/2012,171.781393,
18/08/2012,153.1095024,
19/08/2012,179.2501492,
20/08/2012,175.5157711,
21/08/2012,242.734577,
22/08/2012,197.9220397,
23/08/2012,190.4532835,
24/08/2012,153.1095024,
25/08/2012,156.8438805,
26/08/2012,130.7032338,
27/08/2012,112.0313432,
28/08/2012,149.3751243,
29/08/2012,145.6407462,
30/08/2012,141.9063681,
31/08/2012,100.8282089,
01/09/2012,138.17199,
02/09/2012,112.0313432,
03/09/2012,119.5000995,
04/09/2012,123.2344776,
05/09/2012,373.4378108,
06/09/2012,339.8284078,
07/09/2012,205.3907959,
08/09/2012,179.2501492,
09/09/2012,201.6564178,
10/09/2012,119.5000995,
11/09/2012,153.1095024,
12/09/2012,153.1095024,
13/09/2012,130.7032338,
14/09/2012,104.562587,
15/09/2012,130.7032338,
16/09/2012,141.9063681,
17/09/2012,156.8438805,
18/09/2012,138.17199,
19/09/2012,153.1095024,
20/09/2012,130.7032338,
21/09/2012,108.2969651,
22/09/2012,112.0313432,
23/09/2012,145.6407462,
24/09/2012,134.4376119,
25/09/2012,126.9688557,
26/09/2012,138.17199,
27/09/2012,164.3126367,
28/09/2012,149.3751243,
29/09/2012,156.8438805,
30/09/2012,145.6407462,
01/10/2012,149.3751243,
02/10/2012,149.3751243,
03/10/2012,149.3751243,
04/10/2012,126.9688557,
05/10/2012,119.5000995,
06/10/2012,112.0313432,
07/10/2012,126.9688557,
08/10/2012,126.9688557,
09/10/2012,138.17199,
10/10/2012,112.0313432,
11/10/2012,153.1095024,
12/10/2012,130.7032338,
13/10/2012,119.5000995,
14/10/2012,134.4376119,
15/10/2012,104.562587,
16/10/2012,134.4376119,
17/10/2012,119.5000995,
18/10/2012,115.7657213,
19/10/2012,153.1095024,
20/10/2012,119.5000995,
21/10/2012,119.5000995,
22/10/2012,108.2969651,
23/10/2012,97.09383081,
24/10/2012,108.2969651,
25/10/2012,108.2969651,
26/10/2012,115.7657213,
27/10/2012,112.0313432,
28/10/2012,93.3594527,
29/10/2012,97.09383081,
30/10/2012,123.2344776,
31/10/2012,85.89069648,
01/11/2012,115.7657213,
02/11/2012,104.562587,
03/11/2012,112.0313432,
04/11/2012,168.0470149,
05/11/2012,153.1095024,
06/11/2012,123.2344776,
07/11/2012,100.8282089,
08/11/2012,126.9688557,
09/11/2012,100.8282089,
10/11/2012,138.17199,
11/11/2012,97.09383081,
12/11/2012,130.7032338,
13/11/2012,112.0313432,
14/11/2012,108.2969651,
15/11/2012,93.3594527,
16/11/2012,220.3283084,
17/11/2012,171.781393,
18/11/2012,119.5000995,
19/11/2012,141.9063681,
20/11/2012,153.1095024,
21/11/2012,107.7345807,
22/11/2012,107.7345807,
23/11/2012,107.7345807,
24/11/2012,161.6018711,
25/11/2012,107.7345807,
26/11/2012,161.6018711,
27/11/2012,161.6018711,
28/11/2012,323.2037422,
29/11/2012,161.6018711,
30/11/2012,161.6018711,
01/12/2012,161.6018711,
02/12/2012,161.6018711,
03/12/2012,107.7345807,
04/12/2012,107.7345807,
05/12/2012,161.6018711,
06/12/2012,161.6018711,
07/12/2012,161.6018711,
08/12/2012,215.4691615,
09/12/2012,269.3364519,
10/12/2012,215.4691615,
11/12/2012,215.4691615,
12/12/2012,161.6018711,
13/12/2012,161.6018711,
14/12/2012,161.6018711,
15/12/2012,161.6018711,
16/12/2012,161.6018711,
17/12/2012,161.6018711,
18/12/2012,161.6018711,
19/12/2012,107.7345807,
20/12/2012,107.7345807,
21/12/2012,107.7345807,
22/12/2012,107.7345807,
23/12/2012,107.7345807,
24/12/2012,161.6018711,
25/12/2012,107.7345807,
26/12/2012,107.7345807,
27/12/2012,161.6018711,
28/12/2012,107.7345807,
29/12/2012,107.7345807,
30/12/2012,161.6018711,
31/12/2012,107.7345807,
01/01/2013,107.7345807,
02/01/2013,161.6018711,
03/01/2013,161.6018711,
04/01/2013,161.6018711,
05/01/2013,161.6018711,
06/01/2013,215.4691615,
07/01/2013,161.6018711,
08/01/2013,161.6018711,
09/01/2013,161.6018711,
10/01/2013,161.6018711,
11/01/2013,161.6018711,
12/01/2013,161.6018711,
13/01/2013,215.4691615,
14/01/2013,161.6018711,
15/01/2013,161.6018711,
16/01/2013,161.6018711,
17/01/2013,215.4691615,
18/01/2013,161.6018711,
19/01/2013,161.6018711,
20/01/2013,161.6018711,
21/01/2013,161.6018711,
22/01/2013,161.6018711,
23/01/2013,215.4691615,
24/01/2013,215.4691615,
25/01/2013,161.6018711,
26/01/2013,161.6018711,
27/01/2013,161.6018711,
28/01/2013,215.4691615,
29/01/2013,269.3364519,
30/01/2013,215.4691615,
31/01/2013,269.3364519,
01/02/2013,215.4691615,
02/02/2013,269.3364519,
03/02/2013,269.3364519,
04/02/2013,215.4691615,
05/02/2013,215.4691615,
06/02/2013,269.3364519,
07/02/2013,215.4691615,
08/02/2013,215.4691615,
09/02/2013,215.4691615,
10/02/2013,215.4691615,
11/02/2013,269.3364519,
12/02/2013,323.2037422,
13/02/2013,269.3364519,
14/02/2013,323.2037422,
15/02/2013,269.3364519,
16/02/2013,269.3364519,
17/02/2013,323.2037422,
18/02/2013,323.2037422,
19/02/2013,269.3364519,
20/02/2013,323.2037422,
21/02/2013,269.3364519,
22/02/2013,323.2037422,
23/02/2013,269.3364519,
24/02/2013,269.3364519,
25/02/2013,269.3364519,
26/02/2013,269.3364519,
27/02/2013,323.2037422,
28/02/2013,377.0710326,
01/03/2013,377.0710326,
02/03/2013,323.2037422,
03/03/2013,323.2037422,
04/03/2013,323.2037422,
05/03/2013,430.938323,
06/03/2013,592.5401941,
07/03/2013,484.8056134,
08/03/2013,484.8056134,
09/03/2013,430.938323,
10/03/2013,484.8056134,
11/03/2013,484.8056134,
12/03/2013,646.4074845,
13/03/2013,484.8056134,
14/03/2013,430.938323,
15/03/2013,377.0710326,
16/03/2013,377.0710326,
17/03/2013,430.938323,
18/03/2013,484.8056134,
19/03/2013,592.5401941,
20/03/2013,700.2747749,
21/03/2013,915.7439364,
22/03/2013,1077.345807,
23/03/2013,1023.478517,
24/03/2013,754.1420652,
25/03/2013,861.876646,
26/03/2013,861.876646,
27/03/2013,1023.478517,
28/03/2013,1346.682259,
29/03/2013,1508.28413,
30/03/2013,1238.947679,
31/03/2013,1238.947679,
01/04/2013,1562.151421,
02/04/2013,1616.018711,
03/04/2013,2477.895357,
04/04/2013,2424.028067,
05/04/2013,1939.222453,
06/04/2013,1562.151421,
07/04/2013,1616.018711,
08/04/2013,2424.028067,
09/04/2013,3070.435551,
10/04/2013,4794.188843,
11/04/2013,5386.729037,
12/04/2013,4686.454263,
13/04/2013,3016.568261,
14/04/2013,2585.629938,
15/04/2013,2424.028067,
16/04/2013,2100.824325,
17/04/2013,1885.355163,
18/04/2013,1777.620582,
19/04/2013,1454.41684,
20/04/2013,1131.213098,
21/04/2013,1185.080388,
22/04/2013,1077.345807,
23/04/2013,1346.682259,
24/04/2013,1238.947679,
25/04/2013,1131.213098,
26/04/2013,1077.345807,
27/04/2013,861.876646,
28/04/2013,969.6112267,
29/04/2013,915.7439364,
30/04/2013,861.876646,
01/05/2013,1077.345807,
02/05/2013,1185.080388,
03/05/2013,1131.213098,
04/05/2013,915.7439364,
05/05/2013,861.876646,
06/05/2013,915.7439364,
07/05/2013,861.876646,
08/05/2013,808.0093556,
09/05/2013,808.0093556,
10/05/2013,808.0093556,
11/05/2013,700.2747749,
12/05/2013,700.2747749,
13/05/2013,808.0093556,
14/05/2013,808.0093556,
15/05/2013,915.7439364,
16/05/2013,808.0093556,
17/05/2013,808.0093556,
18/05/2013,754.1420652,
19/05/2013,915.7439364,
20/05/2013,861.876646,
21/05/2013,700.2747749,
22/05/2013,646.4074845,
23/05/2013,592.5401941,
24/05/2013,700.2747749,
25/05/2013,538.6729037,
26/05/2013,538.6729037,
27/05/2013,592.5401941,
28/05/2013,754.1420652,
29/05/2013,808.0093556,
30/05/2013,754.1420652,
31/05/2013,700.2747749,
01/06/2013,538.6729037,
02/06/2013,646.4074845,
03/06/2013,592.5401941,
04/06/2013,538.6729037,
05/06/2013,538.6729037,
06/06/2013,484.8056134,
07/06/2013,592.5401941,
08/06/2013,538.6729037,
09/06/2013,700.2747749,
10/06/2013,592.5401941,
11/06/2013,646.4074845,
12/06/2013,592.5401941,
13/06/2013,484.8056134,
14/06/2013,538.6729037,
15/06/2013,430.938323,
16/06/2013,484.8056134,
17/06/2013,484.8056134,
18/06/2013,538.6729037,
19/06/2013,484.8056134,
20/06/2013,484.8056134,
21/06/2013,484.8056134,
22/06/2013,484.8056134,
23/06/2013,538.6729037,
24/06/2013,592.5401941,
25/06/2013,592.5401941,
26/06/2013,484.8056134,
27/06/2013,484.8056134,
28/06/2013,484.8056134,
29/06/2013,430.938323,
30/06/2013,646.4074845,
01/07/2013,646.4074845,
02/07/2013,969.6112267,
03/07/2013,700.2747749,
04/07/2013,592.5401941,
05/07/2013,646.4074845,
06/07/2013,592.5401941,
07/07/2013,538.6729037,
08/07/2013,538.6729037,
09/07/2013,538.6729037,
10/07/2013,484.8056134,
11/07/2013,430.938323,
12/07/2013,484.8056134,
13/07/2013,484.8056134,
14/07/2013,484.8056134,
15/07/2013,484.8056134,
16/07/2013,430.938323,
17/07/2013,377.0710326,
18/07/2013,430.938323,
19/07/2013,430.938323,
20/07/2013,377.0710326,
21/07/2013,430.938323,
22/07/2013,484.8056134,
23/07/2013,484.8056134,
24/07/2013,484.8056134,
25/07/2013,484.8056134,
26/07/2013,377.0710326,
27/07/2013,377.0710326,
28/07/2013,430.938323,
29/07/2013,430.938323,
30/07/2013,538.6729037,
31/07/2013,484.8056134,
01/08/2013,484.8056134,
02/08/2013,430.938323,
03/08/2013,430.938323,
04/08/2013,484.8056134,
05/08/2013,538.6729037,
06/08/2013,430.938323,
07/08/2013,484.8056134,
08/08/2013,538.6729037,
09/08/2013,484.8056134,
10/08/2013,377.0710326,
11/08/2013,430.938323,
12/08/2013,700.2747749,
13/08/2013,538.6729037,
14/08/2013,808.0093556,
15/08/2013,646.4074845,
16/08/2013,592.5401941,
17/08/2013,538.6729037,
18/08/2013,538.6729037,
19/08/2013,646.4074845,
20/08/2013,646.4074845,
21/08/2013,592.5401941,
22/08/2013,646.4074845,
23/08/2013,538.6729037,
24/08/2013,430.938323,
25/08/2013,538.6729037,
26/08/2013,484.8056134,
27/08/2013,592.5401941,
28/08/2013,538.6729037,
29/08/2013,484.8056134,
30/08/2013,538.6729037,
31/08/2013,538.6729037,
01/09/2013,430.938323,
02/09/2013,430.938323,
03/09/2013,484.8056134,
04/09/2013,430.938323,
05/09/2013,430.938323,
06/09/2013,430.938323,
07/09/2013,377.0710326,
08/09/2013,430.938323,
09/09/2013,538.6729037,
10/09/2013,430.938323,
11/09/2013,430.938323,
12/09/2013,484.8056134,
13/09/2013,377.0710326,
14/09/2013,377.0710326,
15/09/2013,377.0710326,
16/09/2013,430.938323,
17/09/2013,430.938323,
18/09/2013,377.0710326,
19/09/2013,430.938323,
20/09/2013,484.8056134,
21/09/2013,377.0710326,
22/09/2013,377.0710326,
23/09/2013,430.938323,
24/09/2013,430.938323,
25/09/2013,377.0710326,
26/09/2013,430.938323,
27/09/2013,430.938323,
28/09/2013,430.938323,
29/09/2013,377.0710326,
30/09/2013,430.938323,
01/10/2013,430.938323,
02/10/2013,861.876646,
03/10/2013,1616.018711,
04/10/2013,969.6112267,
04/10/2013,1055.067862,
05/10/2013,703.3785745,
06/10/2013,562.7028596,
07/10/2013,703.3785745,
08/10/2013,703.3785745,
09/10/2013,562.7028596,
10/10/2013,562.7028596,
11/10/2013,492.3650022,
12/10/2013,492.3650022,
13/10/2013,422.0271447,
14/10/2013,492.3650022,
15/10/2013,562.7028596,
16/10/2013,633.0407171,
17/10/2013,562.7028596,
18/10/2013,492.3650022,
19/10/2013,562.7028596,
20/10/2013,492.3650022,
21/10/2013,562.7028596,
22/10/2013,633.0407171,
23/10/2013,773.716432,
24/10/2013,703.3785745,
25/10/2013,633.0407171,
26/10/2013,773.716432,
27/10/2013,773.716432,
28/10/2013,914.3921469,
29/10/2013,1899.122151,
30/10/2013,2813.514298,
31/10/2013,1969.460009,
01/11/2013,1406.757149,
02/11/2013,1195.743577,
03/11/2013,1125.405719,
04/11/2013,1266.081434,
05/11/2013,1336.419292,
06/11/2013,1547.432864,
07/11/2013,1969.460009,
08/11/2013,1828.784294,
09/11/2013,1828.784294,
10/11/2013,1617.770721,
11/11/2013,1477.095007,
12/11/2013,1547.432864,
13/11/2013,1758.446436,
14/11/2013,1899.122151,
15/11/2013,1899.122151,
16/11/2013,1688.108579,
17/11/2013,2039.797866,
18/11/2013,4360.947162,
19/11/2013,6260.069313,
20/11/2013,4431.28502,
21/11/2013,3305.8793,
22/11/2013,3376.217158,
23/11/2013,3094.865728,
24/11/2013,2813.514298,
25/11/2013,2883.852156,
26/11/2013,3024.527871,
27/11/2013,4782.974307,
28/11/2013,7033.785745,
29/11/2013,6752.434316,
30/11/2013,5275.339309,
01/12/2013,4220.271447,
02/12/2013,4571.960735,
03/12/2013,4149.93359,
04/12/2013,3727.906445,
05/12/2013,5416.015024,
06/12/2013,4712.636449,
07/12/2013,4993.987879,
08/12/2013,3727.906445,
09/12/2013,3587.23073,
10/12/2013,3376.217158,
11/12/2013,3165.203585,
12/12/2013,3024.527871,
13/12/2013,3094.865728,
14/12/2013,2461.825011,
15/12/2013,2813.514298,
16/12/2013,3094.865728,
17/12/2013,3235.541443,
18/12/2013,5556.690739,
19/12/2013,3798.244303,
20/12/2013,2813.514298,
21/12/2013,2672.838583,
22/12/2013,2602.500726,
23/12/2013,2321.149296,
24/12/2013,2250.811439,
25/12/2013,2110.135724,
26/12/2013,2039.797866,
27/12/2013,2250.811439,
28/12/2013,1969.460009,
29/12/2013,1899.122151,
30/12/2013,1969.460009,
31/12/2013,1828.784294,
01/01/2014,1617.770721,
02/01/2014,1828.784294,
03/01/2014,2110.135724,
04/01/2014,1758.446436,
05/01/2014,2039.797866,
06/01/2014,2461.825011,
07/01/2014,2321.149296,
08/01/2014,2391.487153,
09/01/2014,2250.811439,
10/01/2014,2250.811439,
11/01/2014,1969.460009,
12/01/2014,1828.784294,
13/01/2014,2110.135724,
14/01/2014,1969.460009,
15/01/2014,2039.797866,
16/01/2014,2391.487153,
17/01/2014,2461.825011,
18/01/2014,1828.784294,
19/01/2014,1758.446436,
20/01/2014,2180.473581,
21/01/2014,2391.487153,
22/01/2014,2532.162868,
23/01/2014,2110.135724,
24/01/2014,2180.473581,
25/01/2014,1828.784294,
26/01/2014,1828.784294,
27/01/2014,2461.825011,
28/01/2014,2883.852156,
29/01/2014,2180.473581,
30/01/2014,1828.784294,
31/01/2014,1688.108579,
01/02/2014,1617.770721,
02/02/2014,1617.770721,
03/02/2014,1477.095007,
04/02/2014,1688.108579,
05/02/2014,1617.770721,
06/02/2014,1688.108579,
07/02/2014,2461.825011,
08/02/2014,1899.122151,
09/02/2014,1828.784294,
10/02/2014,2743.176441,
11/02/2014,2602.500726,
12/02/2014,2180.473581,
13/02/2014,2039.797866,
14/02/2014,2602.500726,
15/02/2014,1828.784294,
16/02/2014,1969.460009,
17/02/2014,1899.122151,
18/02/2014,1969.460009,
19/02/2014,2039.797866,
20/02/2014,2180.473581,
21/02/2014,1899.122151,
22/02/2014,1617.770721,
23/02/2014,1477.095007,
24/02/2014,2602.500726,
25/02/2014,6119.393599,
26/02/2014,4571.960735,
27/02/2014,2813.514298,
28/02/2014,4079.595732,
01/03/2014,2954.190013,
02/03/2014,2250.811439,
03/03/2014,2110.135724,
04/03/2014,2250.811439,
05/03/2014,2602.500726,
06/03/2014,3868.58216,
07/03/2014,4431.28502,
08/03/2014,2110.135724,
09/03/2014,1828.784294,
10/03/2014,1828.784294,
11/03/2014,1688.108579,
12/03/2014,1574.038714,
13/03/2014,1457.443254,
14/03/2014,1340.847793,
15/03/2014,1165.954603,
16/03/2014,1107.656873,
17/03/2014,1224.252333,
18/03/2014,1282.550063,
19/03/2014,1282.550063,
20/03/2014,1282.550063,
21/03/2014,1748.931905,
22/03/2014,1224.252333,
23/03/2014,1107.656873,
24/03/2014,1224.252333,
25/03/2014,1515.740984,
26/03/2014,1574.038714,
27/03/2014,1515.740984,
28/03/2014,1457.443254,
29/03/2014,1107.656873,
30/03/2014,1224.252333,
31/03/2014,1224.252333,
01/04/2014,1165.954603,
02/04/2014,1224.252333,
03/04/2014,1224.252333,
04/04/2014,1049.359143,
05/04/2014,874.4659523,
06/04/2014,991.0614126,
07/04/2014,1049.359143,
08/04/2014,1049.359143,
09/04/2014,1224.252333,
10/04/2014,1282.550063,
11/04/2014,1282.550063,
12/04/2014,932.7636824,
13/04/2014,991.0614126,
14/04/2014,1049.359143,
15/04/2014,1049.359143,
16/04/2014,1224.252333,
17/04/2014,1107.656873,
18/04/2014,932.7636824,
19/04/2014,874.4659523,
20/04/2014,816.1682221,
21/04/2014,932.7636824,
22/04/2014,874.4659523,
23/04/2014,932.7636824,
24/04/2014,932.7636824,
25/04/2014,932.7636824,
26/04/2014,699.5727618,
27/04/2014,816.1682221,
28/04/2014,874.4659523,
29/04/2014,816.1682221,
30/04/2014,991.0614126,
01/05/2014,932.7636824,
02/05/2014,816.1682221,
03/05/2014,699.5727618,
04/05/2014,757.870492,
05/05/2014,932.7636824,
06/05/2014,874.4659523,
07/05/2014,816.1682221,
08/05/2014,816.1682221,
09/05/2014,874.4659523,
10/05/2014,641.2750317,
11/05/2014,699.5727618,
12/05/2014,699.5727618,
13/05/2014,874.4659523,
14/05/2014,757.870492,
15/05/2014,816.1682221,
16/05/2014,757.870492,
17/05/2014,757.870492,
18/05/2014,699.5727618,
19/05/2014,757.870492,
20/05/2014,816.1682221,
21/05/2014,874.4659523,
22/05/2014,932.7636824,
23/05/2014,874.4659523,
24/05/2014,641.2750317,
25/05/2014,874.4659523,
26/05/2014,991.0614126,
27/05/2014,991.0614126,
28/05/2014,991.0614126,
29/05/2014,932.7636824,
30/05/2014,991.0614126,
31/05/2014,932.7636824,
01/06/2014,932.7636824,
02/06/2014,874.4659523,
03/06/2014,991.0614126,
04/06/2014,932.7636824,
05/06/2014,874.4659523,
06/06/2014,816.1682221,
07/06/2014,699.5727618,
08/06/2014,699.5727618,
09/06/2014,757.870492,
10/06/2014,816.1682221,
11/06/2014,932.7636824,
12/06/2014,991.0614126,
13/06/2014,1049.359143,
14/06/2014,932.7636824,
15/06/2014,816.1682221,
16/06/2014,932.7636824,
17/06/2014,874.4659523,
18/06/2014,874.4659523,
19/06/2014,874.4659523,
20/06/2014,757.870492,
21/06/2014,699.5727618,
22/06/2014,699.5727618,
23/06/2014,699.5727618,
24/06/2014,641.2750317,
25/06/2014,699.5727618,
26/06/2014,699.5727618,
27/06/2014,816.1682221,
28/06/2014,699.5727618,
29/06/2014,699.5727618,
30/06/2014,816.1682221,
01/07/2014,874.4659523,
02/07/2014,874.4659523,
03/07/2014,816.1682221,
04/07/2014,757.870492,
05/07/2014,641.2750317,
06/07/2014,757.870492,
07/07/2014,816.1682221,
08/07/2014,699.5727618,
09/07/2014,699.5727618,
10/07/2014,757.870492,
11/07/2014,757.870492,
12/07/2014,699.5727618,
13/07/2014,641.2750317,
14/07/2014,699.5727618,
15/07/2014,699.5727618,
16/07/2014,874.4659523,
17/07/2014,874.4659523,
18/07/2014,757.870492,
19/07/2014,757.870492,
20/07/2014,757.870492,
21/07/2014,757.870492,
22/07/2014,757.870492,
23/07/2014,699.5727618,
24/07/2014,757.870492,
25/07/2014,699.5727618,
26/07/2014,641.2750317,
27/07/2014,699.5727618,
28/07/2014,699.5727618,
29/07/2014,757.870492,
30/07/2014,816.1682221,
31/07/2014,757.870492,
01/08/2014,699.5727618,
02/08/2014,699.5727618,
03/08/2014,699.5727618,
04/08/2014,699.5727618,
05/08/2014,757.870492,
06/08/2014,874.4659523,
07/08/2014,816.1682221,
08/08/2014,699.5727618,
09/08/2014,699.5727618,
10/08/2014,699.5727618,
11/08/2014,757.870492,
12/08/2014,816.1682221,
13/08/2014,1165.954603,
14/08/2014,932.7636824,
15/08/2014,874.4659523,
16/08/2014,991.0614126,
17/08/2014,816.1682221,
18/08/2014,981.3929925,
19/08/2014,846.0284418,
20/08/2014,879.8695795,
21/08/2014,761.4255976,
22/08/2014,778.3461665,
23/08/2014,710.6638911,
24/08/2014,727.5844599,
25/08/2014,710.6638911,
26/08/2014,744.5050288,
27/08/2014,642.9816158,
28/08/2014,659.9021846,
29/08/2014,693.7433223,
30/08/2014,710.6638911,
31/08/2014,710.6638911,
01/09/2014,879.8695795,
02/09/2014,795.2667353,
03/09/2014,812.1873041,
04/09/2014,761.4255976,
05/09/2014,778.3461665,
06/09/2014,676.8227534,
07/09/2014,693.7433223,
08/09/2014,778.3461665,
09/09/2014,846.0284418,
10/09/2014,947.5518548,
11/09/2014,1065.995837,
12/09/2014,879.8695795,
13/09/2014,710.6638911,
14/09/2014,710.6638911,
15/09/2014,778.3461665,
16/09/2014,693.7433223,
17/09/2014,710.6638911,
18/09/2014,727.5844599,
19/09/2014,947.5518548,
20/09/2014,710.6638911,
21/09/2014,710.6638911,
22/09/2014,727.5844599,
23/09/2014,846.0284418,
24/09/2014,981.3929925,
25/09/2014,812.1873041,
26/09/2014,761.4255976,
27/09/2014,659.9021846,
28/09/2014,727.5844599,
29/09/2014,862.9490106,
30/09/2014,812.1873041,
01/10/2014,761.4255976,
02/10/2014,761.4255976,
03/10/2014,761.4255976,
04/10/2014,761.4255976,
05/10/2014,947.5518548,
06/10/2014,1116.757543,
07/10/2014,981.3929925,
08/10/2014,812.1873041,
09/10/2014,829.107873,
10/10/2014,812.1873041,
11/10/2014,761.4255976,
12/10/2014,710.6638911,
13/10/2014,744.5050288,
14/10/2014,846.0284418,
15/10/2014,812.1873041,
16/10/2014,795.2667353,
17/10/2014,744.5050288,
18/10/2014,727.5844599,
19/10/2014,659.9021846,
20/10/2014,659.9021846,
21/10/2014,744.5050288,
22/10/2014,693.7433223,
23/10/2014,710.6638911,
24/10/2014,609.1404781,
25/10/2014,609.1404781,
26/10/2014,676.8227534,
27/10/2014,642.9816158,
28/10/2014,676.8227534,
29/10/2014,659.9021846,
30/10/2014,642.9816158,
31/10/2014,524.5376339,
01/11/2014,609.1404781,
02/11/2014,626.0610469,
03/11/2014,710.6638911,
04/11/2014,693.7433223,
05/11/2014,642.9816158,
06/11/2014,829.107873,
07/11/2014,812.1873041,
08/11/2014,727.5844599,
09/11/2014,761.4255976,
10/11/2014,778.3461665,
11/11/2014,761.4255976,
12/11/2014,862.9490106,
13/11/2014,947.5518548,
14/11/2014,812.1873041,
15/11/2014,744.5050288,
16/11/2014,744.5050288,
17/11/2014,744.5050288,
18/11/2014,795.2667353,
19/11/2014,778.3461665,
20/11/2014,676.8227534,
21/11/2014,710.6638911,
22/11/2014,710.6638911,
23/11/2014,609.1404781,
24/11/2014,744.5050288,
25/11/2014,642.9816158,
26/11/2014,642.9816158,
27/11/2014,676.8227534,
28/11/2014,626.0610469,
29/11/2014,626.0610469,
30/11/2014,626.0610469,
01/12/2014,693.7433223,
02/12/2014,744.5050288,
03/12/2014,727.5844599,
04/12/2014,676.8227534,
05/12/2014,659.9021846,
06/12/2014,626.0610469,
07/12/2014,778.3461665,
08/12/2014,727.5844599,
09/12/2014,659.9021846,
10/12/2014,727.5844599,
11/12/2014,981.3929925,
12/12/2014,913.7107171,
13/12/2014,727.5844599,
14/12/2014,727.5844599,
15/12/2014,693.7433223,
16/12/2014,812.1873041,
17/12/2014,744.5050288,
18/12/2014,795.2667353,
19/12/2014,727.5844599,
20/12/2014,710.6638911,
21/12/2014,761.4255976,
22/12/2014,693.7433223,
23/12/2014,778.3461665,
24/12/2014,642.9816158,
25/12/2014,659.9021846,
26/12/2014,812.1873041,
27/12/2014,1692.056884,
28/12/2014,710.6638911,
29/12/2014,659.9021846,
30/12/2014,676.8227534,
31/12/2014,693.7433223,
01/01/2015,659.9021846,
02/01/2015,744.5050288,
03/01/2015,761.4255976,
04/01/2015,879.8695795,
05/01/2015,913.7107171,
06/01/2015,964.4724237,
07/01/2015,829.107873,
08/01/2015,744.5050288,
09/01/2015,795.2667353,
10/01/2015,829.107873,
11/01/2015,676.8227534,
12/01/2015,744.5050288,
13/01/2015,913.7107171,
14/01/2015,1370.566076,
15/01/2015,1167.51925,
16/01/2015,981.3929925,
17/01/2015,761.4255976,
18/01/2015,676.8227534,
19/01/2015,676.8227534,
20/01/2015,727.5844599,
21/01/2015,795.2667353,
22/01/2015,795.2667353,
23/01/2015,761.4255976,
24/01/2015,717.1998298,
25/01/2015,717.1998298,
26/01/2015,1026.899756,
27/01/2015,912.7997834,
28/01/2015,782.3998144,
29/01/2015,782.3998144,
30/01/2015,700.8998337,
31/01/2015,619.399853,
01/02/2015,700.8998337,
02/02/2015,619.399853,
03/02/2015,684.5998376,
04/02/2015,651.9998453,
05/02/2015,782.3998144,
06/02/2015,700.8998337,
07/02/2015,847.5997989,
08/02/2015,814.9998066,
09/02/2015,798.6998105,
10/02/2015,814.9998066,
11/02/2015,782.3998144,
12/02/2015,700.8998337,
13/02/2015,684.5998376,
14/02/2015,635.6998492,
15/02/2015,733.499826,
16/02/2015,668.2998414,
17/02/2015,733.499826,
18/02/2015,798.6998105,
19/02/2015,814.9998066,
20/02/2015,1157.299725,
21/02/2015,717.1998298,
22/02/2015,651.9998453,
23/02/2015,684.5998376,
24/02/2015,684.5998376,
25/02/2015,684.5998376,
26/02/2015,668.2998414,
27/02/2015,651.9998453,
28/02/2015,651.9998453,
01/03/2015,717.1998298,
02/03/2015,668.2998414,
03/03/2015,782.3998144,
04/03/2015,717.1998298,
05/03/2015,733.499826,
06/03/2015,814.9998066,
07/03/2015,880.1997912,
08/03/2015,733.499826,
09/03/2015,782.3998144,
10/03/2015,749.7998221,
11/03/2015,814.9998066,
12/03/2015,749.7998221,
13/03/2015,733.499826,
14/03/2015,635.6998492,
15/03/2015,700.8998337,
16/03/2015,749.7998221,
17/03/2015,700.8998337,
18/03/2015,749.7998221,
19/03/2015,766.0998182,
20/03/2015,635.6998492,
21/03/2015,651.9998453,
22/03/2015,684.5998376,
23/03/2015,749.7998221,
24/03/2015,651.9998453,
25/03/2015,717.1998298,
26/03/2015,651.9998453,
27/03/2015,619.399853,
28/03/2015,651.9998453,
29/03/2015,570.4998647,
30/03/2015,700.8998337,
31/03/2015,651.9998453,
01/04/2015,700.8998337,
02/04/2015,619.399853,
03/04/2015,651.9998453,
04/04/2015,635.6998492,
05/04/2015,619.399853,
06/04/2015,668.2998414,
07/04/2015,668.2998414,
08/04/2015,668.2998414,
09/04/2015,668.2998414,
10/04/2015,668.2998414,
11/04/2015,603.0998569,
12/04/2015,570.4998647,
13/04/2015,635.6998492,
14/04/2015,700.8998337,
15/04/2015,603.0998569,
16/04/2015,586.7998608,
17/04/2015,619.399853,
18/04/2015,603.0998569,
19/04/2015,586.7998608,
20/04/2015,603.0998569,
21/04/2015,635.6998492,
22/04/2015,668.2998414,
23/04/2015,635.6998492,
24/04/2015,619.399853,
25/04/2015,554.1998685,
26/04/2015,586.7998608,
27/04/2015,619.399853,
28/04/2015,570.4998647,
29/04/2015,586.7998608,
30/04/2015,619.399853,
01/05/2015,586.7998608,
02/05/2015,505.2998801,
03/05/2015,619.399853,
04/05/2015,603.0998569,
05/05/2015,570.4998647,
06/05/2015,554.1998685,
07/05/2015,603.0998569,
08/05/2015,603.0998569,
09/05/2015,554.1998685,
10/05/2015,603.0998569,
11/05/2015,635.6998492,
12/05/2015,603.0998569,
13/05/2015,635.6998492,
14/05/2015,733.499826,
15/05/2015,635.6998492,
16/05/2015,619.399853,
17/05/2015,586.7998608,
18/05/2015,619.399853,
19/05/2015,668.2998414,
20/05/2015,651.9998453,
21/05/2015,635.6998492,
22/05/2015,603.0998569,
23/05/2015,603.0998569,
24/05/2015,651.9998453,
25/05/2015,586.7998608,
26/05/2015,603.0998569,
27/05/2015,668.2998414,
28/05/2015,570.4998647,
29/05/2015,668.2998414,
30/05/2015,766.0998182,
31/05/2015,684.5998376,
01/06/2015,619.399853,
02/06/2015,586.7998608,
03/06/2015,635.6998492,
04/06/2015,603.0998569,
05/06/2015,554.1998685,
06/06/2015,603.0998569,
07/06/2015,603.0998569,
08/06/2015,537.8998724,
09/06/2015,586.7998608,
10/06/2015,635.6998492,
11/06/2015,586.7998608,
12/06/2015,603.0998569,
13/06/2015,586.7998608,
14/06/2015,586.7998608,
15/06/2015,586.7998608,
16/06/2015,668.2998414,
17/06/2015,700.8998337,
18/06/2015,1320.299687,
19/06/2015,733.499826,
20/06/2015,749.7998221,
21/06/2015,603.0998569,
22/06/2015,619.399853,
23/06/2015,603.0998569,
24/06/2015,554.1998685,
25/06/2015,651.9998453,
26/06/2015,554.1998685,
27/06/2015,668.2998414,
28/06/2015,603.0998569,
29/06/2015,717.1998298,
30/06/2015,912.7997834,
01/07/2015,782.3998144,
01/07/2015,764.2597128,
02/07/2015,706.9402344,
03/07/2015,726.0467272,
04/07/2015,706.9402344,
05/07/2015,821.5791913,
06/07/2015,840.6856841,
07/07/2015,783.3662056,
08/07/2015,783.3662056,
09/07/2015,745.15322,
10/07/2015,840.6856841,
11/07/2015,802.4726985,
12/07/2015,898.0051626,
13/07/2015,821.5791913,
14/07/2015,764.2597128,
15/07/2015,687.8337415,
16/07/2015,726.0467272,
17/07/2015,706.9402344,
18/07/2015,726.0467272,
19/07/2015,668.7272487,
20/07/2015,649.6207559,
21/07/2015,668.7272487,
22/07/2015,726.0467272,
23/07/2015,668.7272487,
24/07/2015,649.6207559,
25/07/2015,554.0882918,
26/07/2015,706.9402344,
27/07/2015,745.15322,
28/07/2015,687.8337415,
29/07/2015,706.9402344,
30/07/2015,630.5142631,
31/07/2015,611.4077703,
01/08/2015,1089.070091,
02/08/2015,840.6856841,
03/08/2015,668.7272487,
04/08/2015,745.15322,
05/08/2015,706.9402344,
06/08/2015,706.9402344,
07/08/2015,630.5142631,
08/08/2015,649.6207559,
09/08/2015,611.4077703,
10/08/2015,611.4077703,
11/08/2015,668.7272487,
12/08/2015,649.6207559,
13/08/2015,630.5142631,
14/08/2015,611.4077703,
15/08/2015,630.5142631,
16/08/2015,649.6207559,
17/08/2015,592.3012774,
18/08/2015,764.2597128,
19/08/2015,898.0051626,
20/08/2015,840.6856841,
21/08/2015,745.15322,
22/08/2015,706.9402344,
23/08/2015,745.15322,
24/08/2015,840.6856841,
25/08/2015,878.8986697,
26/08/2015,726.0467272,
27/08/2015,668.7272487,
28/08/2015,687.8337415,
29/08/2015,687.8337415,
30/08/2015,649.6207559,
31/08/2015,630.5142631,
01/09/2015,687.8337415,
02/09/2015,649.6207559,
03/09/2015,592.3012774,
04/09/2015,630.5142631,
05/09/2015,630.5142631,
06/09/2015,592.3012774,
07/09/2015,554.0882918,
08/09/2015,630.5142631,
09/09/2015,649.6207559,
10/09/2015,611.4077703,
11/09/2015,592.3012774,
12/09/2015,573.1947846,
13/09/2015,611.4077703,
14/09/2015,554.0882918,
15/09/2015,649.6207559,
16/09/2015,630.5142631,
17/09/2015,668.7272487,
18/09/2015,706.9402344,
19/09/2015,630.5142631,
20/09/2015,573.1947846,
21/09/2015,611.4077703,
22/09/2015,687.8337415,
23/09/2015,649.6207559,
24/09/2015,611.4077703,
25/09/2015,630.5142631,
26/09/2015,649.6207559,
27/09/2015,573.1947846,
28/09/2015,649.6207559,
29/09/2015,611.4077703,
30/09/2015,630.5142631,
01/10/2015,630.5142631,
02/10/2015,611.4077703,
03/10/2015,611.4077703,
04/10/2015,592.3012774,
05/10/2015,649.6207559,
06/10/2015,687.8337415,
07/10/2015,649.6207559,
08/10/2015,649.6207559,
09/10/2015,630.5142631,
10/10/2015,573.1947846,
11/10/2015,592.3012774,
12/10/2015,630.5142631,
13/10/2015,611.4077703,
14/10/2015,630.5142631,
15/10/2015,592.3012774,
16/10/2015,668.7272487,
17/10/2015,687.8337415,
18/10/2015,706.9402344,
19/10/2015,649.6207559,
20/10/2015,745.15322,
21/10/2015,687.8337415,
22/10/2015,706.9402344,
23/10/2015,706.9402344,
24/10/2015,687.8337415,
25/10/2015,726.0467272,
26/10/2015,745.15322,
27/10/2015,745.15322,
28/10/2015,745.15322,
29/10/2015,936.2181482,
30/10/2015,1012.644119,
31/10/2015,840.6856841,
01/11/2015,917.1116554,
02/11/2015,1012.644119,
03/11/2015,1394.773976,
04/11/2015,1910.649282,
05/11/2015,1585.838904,
06/11/2015,1184.602555,
07/11/2015,1031.750612,
08/11/2015,898.0051626,
09/11/2015,1012.644119,
10/11/2015,974.4311338,
11/11/2015,974.4311338,
12/11/2015,936.2181482,
13/11/2015,821.5791913,
14/11/2015,726.0467272,
15/11/2015,764.2597128,
16/11/2015,821.5791913,
17/11/2015,726.0467272,
18/11/2015,821.5791913,
19/11/2015,898.0051626,
20/11/2015,840.6856841,
21/11/2015,783.3662056,
22/11/2015,764.2597128,
23/11/2015,859.7921769,
24/11/2015,802.4726985,
25/11/2015,764.2597128,
26/11/2015,783.3662056,
27/11/2015,802.4726985,
28/11/2015,668.7272487,
29/11/2015,745.15322,
30/11/2015,898.0051626,
01/12/2015,802.4726985,
02/12/2015,783.3662056,
03/12/2015,745.15322,
04/12/2015,783.3662056,
05/12/2015,726.0467272,
06/12/2015,802.4726985,
07/12/2015,828.4130364,
08/12/2015,1061.404203,
09/12/2015,2174.58422,
10/12/2015,1397.946999,
11/12/2015,1087.29211,
12/12/2015,1113.180018,
13/12/2015,957.8525733,
14/12/2015,1009.628388,
15/12/2015,1087.29211,
16/12/2015,1061.404203,
17/12/2015,906.0767585,
18/12/2015,880.1888511,
19/12/2015,802.525129,
20/12/2015,828.4130364,
21/12/2015,802.525129,
22/12/2015,854.3009437,
23/12/2015,906.0767585,
24/12/2015,854.3009437,
25/12/2015,828.4130364,
26/12/2015,802.525129,
27/12/2015,854.3009437,
28/12/2015,880.1888511,
29/12/2015,880.1888511,
30/12/2015,802.525129,
31/12/2015,750.7493142,
01/01/2016,750.7493142,
02/01/2016,750.7493142,
03/01/2016,802.525129,
04/01/2016,854.3009437,
05/01/2016,802.525129,
06/01/2016,828.4130364,
07/01/2016,983.7404807,
08/01/2016,983.7404807,
09/01/2016,802.525129,
10/01/2016,776.6372216,
11/01/2016,828.4130364,
12/01/2016,854.3009437,
13/01/2016,854.3009437,
14/01/2016,802.525129,
15/01/2016,1242.619555,
16/01/2016,1242.619555,
17/01/2016,1009.628388,
18/01/2016,1035.516295,
19/01/2016,880.1888511,
20/01/2016,1087.29211,
21/01/2016,957.8525733,
22/01/2016,906.0767585,
23/01/2016,802.525129,
24/01/2016,750.7493142,
25/01/2016,802.525129,
26/01/2016,776.6372216,
27/01/2016,828.4130364,
28/01/2016,931.9646659,
29/01/2016,750.7493142,
30/01/2016,750.7493142,
31/01/2016,750.7493142,
01/02/2016,724.8614068,
02/02/2016,776.6372216,
03/02/2016,776.6372216,
04/02/2016,776.6372216,
05/02/2016,673.085592,
06/02/2016,750.7493142,
07/02/2016,724.8614068,
08/02/2016,750.7493142,
09/02/2016,828.4130364,
10/02/2016,750.7493142,
11/02/2016,776.6372216,
12/02/2016,776.6372216,
13/02/2016,802.525129,
14/02/2016,802.525129,
15/02/2016,854.3009437,
16/02/2016,880.1888511,
17/02/2016,906.0767585,
18/02/2016,1009.628388,
19/02/2016,906.0767585,
20/02/2016,880.1888511,
21/02/2016,854.3009437,
22/02/2016,880.1888511,
23/02/2016,776.6372216,
24/02/2016,750.7493142,
25/02/2016,828.4130364,
26/02/2016,750.7493142,
27/02/2016,750.7493142,
28/02/2016,776.6372216,
29/02/2016,776.6372216,
01/03/2016,906.0767585,
02/03/2016,750.7493142,
03/03/2016,802.525129,
04/03/2016,828.4130364,
05/03/2016,828.4130364,
06/03/2016,750.7493142,
07/03/2016,828.4130364,
08/03/2016,828.4130364,
09/03/2016,828.4130364,
10/03/2016,750.7493142,
11/03/2016,776.6372216,
12/03/2016,750.7493142,
13/03/2016,724.8614068,
14/03/2016,802.525129,
15/03/2016,854.3009437,
16/03/2016,776.6372216,
17/03/2016,724.8614068,
18/03/2016,698.9734994,
19/03/2016,673.085592,
20/03/2016,647.1976847,
21/03/2016,724.8614068,
22/03/2016,750.7493142,
23/03/2016,750.7493142,
24/03/2016,750.7493142,
25/03/2016,698.9734994,
26/03/2016,698.9734994,
27/03/2016,724.8614068,
28/03/2016,776.6372216,
29/03/2016,750.7493142,
30/03/2016,750.7493142,
31/03/2016,828.4130364,
01/04/2016,724.8614068,
02/04/2016,673.085592,
03/04/2016,673.085592,
04/04/2016,724.8614068,
05/04/2016,724.8614068,
06/04/2016,724.8614068,
07/04/2016,750.7493142,
08/04/2016,750.7493142,
09/04/2016,776.6372216,
10/04/2016,698.9734994,
11/04/2016,828.4130364,
12/04/2016,802.525129,
13/04/2016,750.7493142,
14/04/2016,724.8614068,
15/04/2016,698.9734994,
16/04/2016,698.9734994,
17/04/2016,673.085592,
18/04/2016,724.8614068,
19/04/2016,673.085592,
20/04/2016,724.8614068,
21/04/2016,802.525129,
22/04/2016,854.3009437,
23/04/2016,776.6372216,
24/04/2016,854.3009437,
25/04/2016,854.3009437,
26/04/2016,906.0767585,
27/04/2016,931.9646659,
28/04/2016,957.8525733,
29/04/2016,880.1888511,
30/04/2016,802.525129,
01/05/2016,698.9734994,
02/05/2016,2588.790739,
03/05/2016,1527.386536,
04/05/2016,1061.404203,
05/05/2016,1164.955832,
06/05/2016,1035.516295,
07/05/2016,906.0767585,
08/05/2016,931.9646659,
09/05/2016,931.9646659,
10/05/2016,931.9646659,
11/05/2016,880.1888511,
12/05/2016,880.1888511,
13/05/2016,854.3009437,
14/05/2016,731.8954764,
15/05/2016,706.6577014,
16/05/2016,782.3710265,
17/05/2016,807.6088016,
18/05/2016,807.6088016,
19/05/2016,883.3221267,
20/05/2016,782.3710265,
21/05/2016,757.1332515,
22/05/2016,782.3710265,
23/05/2016,858.0843517,
24/05/2016,782.3710265,
25/05/2016,807.6088016,
26/05/2016,757.1332515,
27/05/2016,832.8465766,
28/05/2016,984.2732269,
29/05/2016,1211.413202,
30/05/2016,1160.937652,
31/05/2016,1110.462102,
01/06/2016,959.0354519,
02/06/2016,984.2732269,
03/06/2016,1059.986552,
04/06/2016,1085.224327,
05/06/2016,959.0354519,
06/06/2016,1034.748777,
07/06/2016,1059.986552,
08/06/2016,984.2732269,
09/06/2016,933.7976768,
10/06/2016,908.5599018,
11/06/2016,858.0843517,
12/06/2016,1388.077628,
13/06/2016,1690.930928,
14/06/2016,1438.553178,
15/06/2016,1287.126528,
16/06/2016,1539.504278,
17/06/2016,1589.979828,
18/06/2016,1312.364303,
19/06/2016,1312.364303,
20/06/2016,1236.650977,
21/06/2016,1463.790953,
22/06/2016,1287.126528,
23/06/2016,1362.839853,
24/06/2016,2019.022004,
25/06/2016,1337.602078,
26/06/2016,1085.224327,
27/06/2016,1211.413202,
28/06/2016,1160.937652,
29/06/2016,1059.986552,
30/06/2016,1085.224327,
01/07/2016,1059.986552,
02/07/2016,984.2732269,
03/07/2016,1085.224327,
04/07/2016,1009.511002,
05/07/2016,984.2732269,
06/07/2016,1009.511002,
07/07/2016,1110.462102,
08/07/2016,1160.937652,
09/07/2016,1337.602078,
10/07/2016,1160.937652,
11/07/2016,959.0354519,
12/07/2016,984.2732269,
13/07/2016,1009.511002,
14/07/2016,883.3221267,
15/07/2016,858.0843517,
16/07/2016,782.3710265,
17/07/2016,832.8465766,
18/07/2016,807.6088016,
19/07/2016,984.2732269,
20/07/2016,832.8465766,
21/07/2016,807.6088016,
22/07/2016,807.6088016,
23/07/2016,757.1332515,
24/07/2016,782.3710265,
25/07/2016,832.8465766,
26/07/2016,883.3221267,
27/07/2016,959.0354519,
28/07/2016,807.6088016,
29/07/2016,807.6088016,
30/07/2016,832.8465766,
31/07/2016,832.8465766,
01/08/2016,883.3221267,
02/08/2016,1110.462102,
03/08/2016,1867.595354,
04/08/2016,1186.175427,
05/08/2016,1009.511002,
06/08/2016,832.8465766,
07/08/2016,959.0354519,
08/08/2016,858.0843517,
09/08/2016,832.8465766,
10/08/2016,883.3221267,
11/08/2016,807.6088016,
12/08/2016,807.6088016,
13/08/2016,807.6088016,
14/08/2016,757.1332515,
15/08/2016,832.8465766,
16/08/2016,782.3710265,
17/08/2016,782.3710265,
18/08/2016,807.6088016,
19/08/2016,807.6088016,
20/08/2016,731.8954764,
21/08/2016,630.9443762,
22/08/2016,757.1332515,
23/08/2016,858.0843517,
24/08/2016,807.6088016,
25/08/2016,807.6088016,
26/08/2016,782.3710265,
27/08/2016,858.0843517,
28/08/2016,807.6088016,
29/08/2016,807.6088016,
30/08/2016,832.8465766,
31/08/2016,807.6088016,
01/09/2016,807.6088016,
02/09/2016,757.1332515,
03/09/2016,782.3710265,
04/09/2016,832.8465766,
05/09/2016,807.6088016,
06/09/2016,757.1332515,
07/09/2016,832.8465766,
08/09/2016,959.0354519,
09/09/2016,858.0843517,
10/09/2016,959.0354519,
11/09/2016,807.6088016,
12/09/2016,858.0843517,
13/09/2016,832.8465766,
14/09/2016,782.3710265,
15/09/2016,807.6088016,
16/09/2016,858.0843517,
17/09/2016,782.3710265,
18/09/2016,807.6088016,
19/09/2016,807.6088016,
20/09/2016,858.0843517,
21/09/2016,883.3221267,
22/09/2016,757.1332515,
23/09/2016,807.6088016,
24/09/2016,757.1332515,
25/09/2016,757.1332515,
26/09/2016,858.0843517,
27/09/2016,807.6088016,
28/09/2016,807.6088016,
29/09/2016,832.8465766,
30/09/2016,782.3710265,
01/10/2016,757.1332515,
02/10/2016,757.1332515,
03/10/2016,782.3710265,
04/10/2016,782.3710265,
05/10/2016,807.6088016,
06/10/2016,807.6088016,
07/10/2016,832.8465766,
08/10/2016,832.8465766,
09/10/2016,807.6088016,
10/10/2016,807.6088016,
11/10/2016,959.0354519,
12/10/2016,933.7976768,
13/10/2016,908.5599018,
14/10/2016,832.8465766,
15/10/2016,858.0843517,
16/10/2016,807.6088016,
17/10/2016,858.0843517,
18/10/2016,883.3221267,
19/10/2016,858.0843517,
19/10/2016,838.7664366,
20/10/2016,838.7664366,
21/10/2016,776.6355895,
22/10/2016,807.7010131,
23/10/2016,931.9627074,
24/10/2016,931.9627074,
25/10/2016,900.8972838,
26/10/2016,931.9627074,
27/10/2016,1025.158978,
28/10/2016,1118.355249,
29/10/2016,1242.616943,
30/10/2016,1087.289825,
31/10/2016,1025.158978,
01/11/2016,1087.289825,
02/11/2016,994.0935545,
03/11/2016,1118.355249,
04/11/2016,994.0935545,
05/11/2016,1025.158978,
06/11/2016,963.0281309,
07/11/2016,1025.158978,
08/11/2016,963.0281309,
09/11/2016,1397.944061,
10/11/2016,1056.224402,
11/11/2016,1025.158978,
12/11/2016,994.0935545,
13/11/2016,1025.158978,
14/11/2016,1025.158978,
15/11/2016,1056.224402,
16/11/2016,1118.355249,
17/11/2016,1149.420672,
18/11/2016,1056.224402,
19/11/2016,994.0935545,
20/11/2016,1025.158978,
21/11/2016,1056.224402,
22/11/2016,1087.289825,
23/11/2016,994.0935545,
24/11/2016,1025.158978,
25/11/2016,1025.158978,
26/11/2016,963.0281309,
27/11/2016,994.0935545,
28/11/2016,1025.158978,
29/11/2016,1056.224402,
30/11/2016,1025.158978,
01/12/2016,1118.355249,
02/12/2016,1149.420672,
03/12/2016,1087.289825,
04/12/2016,963.0281309,
05/12/2016,1118.355249,
06/12/2016,1149.420672,
07/12/2016,1149.420672,
08/12/2016,1149.420672,
09/12/2016,994.0935545,
10/12/2016,963.0281309,
11/12/2016,1025.158978,
12/12/2016,1118.355249,
13/12/2016,1087.289825,
14/12/2016,1056.224402,
15/12/2016,1087.289825,
16/12/2016,1025.158978,
17/12/2016,1025.158978,
18/12/2016,1056.224402,
19/12/2016,1056.224402,
20/12/2016,1056.224402,
21/12/2016,1397.944061,
22/12/2016,1553.271179,
23/12/2016,1770.729144,
24/12/2016,1491.140332,
25/12/2016,1366.878637,
26/12/2016,1335.813214,
27/12/2016,1553.271179,
28/12/2016,1832.859991,
29/12/2016,1770.729144,
30/12/2016,1522.205755,
31/12/2016,1304.74779,
01/01/2017,1397.944061,
02/01/2017,2298.841345,
03/01/2017,2174.579651,
04/01/2017,2485.233886,
05/01/2017,3106.542358,
06/01/2017,2578.430157,
07/01/2017,2081.38338,
08/01/2017,2050.317956,
09/01/2017,1801.794568,
10/01/2017,1708.598297,
11/01/2017,1926.056262,
12/01/2017,2081.38338,
13/01/2017,1677.532873,
14/01/2017,1553.271179,
15/01/2017,1397.944061,
16/01/2017,1491.140332,
17/01/2017,1491.140332,
18/01/2017,1491.140332,
19/01/2017,1429.009485,
20/01/2017,1335.813214,
21/01/2017,1273.682367,
22/01/2017,1304.74779,
23/01/2017,1335.813214,
24/01/2017,1397.944061,
25/01/2017,1397.944061,
26/01/2017,1335.813214,
27/01/2017,1304.74779,
28/01/2017,1211.55152,
29/01/2017,1211.55152,
30/01/2017,1273.682367,
31/01/2017,1335.813214,
01/02/2017,1429.009485,
02/02/2017,1460.074908,
03/02/2017,1553.271179,
04/02/2017,1397.944061,
05/02/2017,1304.74779,
06/02/2017,1397.944061,
07/02/2017,1460.074908,
08/02/2017,1646.46745,
09/02/2017,1677.532873,
10/02/2017,1491.140332,
11/02/2017,1397.944061,
12/02/2017,1335.813214,
13/02/2017,1366.878637,
14/02/2017,1366.878637,
15/02/2017,1273.682367,
16/02/2017,1366.878637,
17/02/2017,1397.944061,
18/02/2017,1460.074908,
19/02/2017,1335.813214,
20/02/2017,1429.009485,
21/02/2017,1615.402026,
22/02/2017,1553.271179,
23/02/2017,1801.794568,
24/02/2017,2174.579651,
25/02/2017,1770.729144,
26/02/2017,1460.074908,
27/02/2017,1646.46745,
28/02/2017,1615.402026,
01/03/2017,1832.859991,
02/03/2017,2081.38338,
03/03/2017,2764.822699,
04/03/2017,2112.448803,
05/03/2017,1832.859991,
06/03/2017,1926.056262,
07/03/2017,1988.187109,
08/03/2017,2298.841345,
09/03/2017,2112.448803,
10/03/2017,2826.953546,
11/03/2017,2267.775921,
12/03/2017,1801.794568,
13/03/2017,1894.990838,
14/03/2017,1770.729144,
15/03/2017,1801.794568,
16/03/2017,1739.66372,
17/03/2017,1832.859991,
18/03/2017,2143.514227,
19/03/2017,1863.925415,
20/03/2017,1894.990838,
21/03/2017,1739.66372,
22/03/2017,1832.859991,
23/03/2017,1770.729144,
24/03/2017,1863.925415,
25/03/2017,1863.925415,
26/03/2017,1677.532873,
27/03/2017,1793.176902,
28/03/2017,1613.859212,
29/03/2017,1613.859212,
30/03/2017,1524.200367,
31/03/2017,1524.200367,
01/04/2017,1524.200367,
02/04/2017,1434.541521,
03/04/2017,1613.859212,
04/04/2017,1703.518057,
05/04/2017,1524.200367,
06/04/2017,1703.518057,
07/04/2017,1524.200367,
08/04/2017,1524.200367,
09/04/2017,1524.200367,
10/04/2017,1613.859212,
11/04/2017,1613.859212,
12/04/2017,1613.859212,
13/04/2017,1613.859212,
14/04/2017,1524.200367,
15/04/2017,1434.541521,
16/04/2017,1434.541521,
17/04/2017,1524.200367,
18/04/2017,1703.518057,
19/04/2017,1613.859212,
20/04/2017,1524.200367,
21/04/2017,1524.200367,
22/04/2017,1613.859212,
23/04/2017,1434.541521,
24/04/2017,1524.200367,
25/04/2017,1793.176902,
26/04/2017,1793.176902,
27/04/2017,1793.176902,
28/04/2017,1793.176902,
29/04/2017,1703.518057,
30/04/2017,1613.859212,
01/05/2017,2062.153437,
02/05/2017,2241.471127,
03/05/2017,2241.471127,
04/05/2017,2779.424198,
05/05/2017,2689.765353,
06/05/2017,2151.812282,
07/05/2017,2241.471127,
08/05/2017,2510.447663,
09/05/2017,3227.718423,
10/05/2017,3048.400733,
11/05/2017,3317.377268,
12/05/2017,3944.989184,
13/05/2017,4034.648029,
14/05/2017,3407.036114,
15/05/2017,4572.6011,
16/05/2017,4213.965719,
17/05/2017,3586.353804,
18/05/2017,3227.718423,
19/05/2017,3496.694959,
20/05/2017,3496.694959,
21/05/2017,3676.012649,
22/05/2017,5738.166086,
23/05/2017,6007.142621,
24/05/2017,6724.413382,
25/05/2017,8965.884509,
26/05/2017,6903.731072,
27/05/2017,5917.483776,
28/05/2017,4482.942255,
29/05/2017,4482.942255,
30/05/2017,4482.942255,
31/05/2017,4213.965719,
01/06/2017,4124.306874,
02/06/2017,3676.012649,
03/06/2017,3317.377268,
04/06/2017,3496.694959,
05/06/2017,3676.012649,
06/06/2017,4931.23648,
07/06/2017,4572.6011,
08/06/2017,3944.989184,
09/06/2017,3944.989184,
10/06/2017,3586.353804,
11/06/2017,3944.989184,
12/06/2017,4931.23648,
13/06/2017,4482.942255,
14/06/2017,4303.624564,
15/06/2017,5020.895325,
16/06/2017,4303.624564,
17/06/2017,3586.353804,
18/06/2017,3317.377268,
19/06/2017,3586.353804,
20/06/2017,3765.671494,
21/06/2017,3765.671494,
22/06/2017,3586.353804,
23/06/2017,3407.036114,
24/06/2017,3407.036114,
25/06/2017,3317.377268,
26/06/2017,3855.330339,
27/06/2017,4482.942255,
28/06/2017,4393.28341,
29/06/2017,3496.694959,
30/06/2017,3048.400733,
01/07/2017,2869.083043,
02/07/2017,2958.741888,
03/07/2017,3048.400733,
04/07/2017,2958.741888,
05/07/2017,3048.400733,
06/07/2017,3138.059578,
07/07/2017,2958.741888,
08/07/2017,2958.741888,
09/07/2017,2779.424198,
10/07/2017,3317.377268,
11/07/2017,3855.330339,
12/07/2017,3496.694959,
13/07/2017,3317.377268,
14/07/2017,3227.718423,
15/07/2017,3676.012649,
16/07/2017,4303.624564,
17/07/2017,4034.648029,
18/07/2017,3944.989184,
19/07/2017,3586.353804,
20/07/2017,4213.965719,
21/07/2017,4034.648029,
22/07/2017,3586.353804,
23/07/2017,3407.036114,
24/07/2017,3496.694959,
25/07/2017,3586.353804,
26/07/2017,3586.353804,
27/07/2017,3317.377268,
28/07/2017,3765.671494,
29/07/2017,3317.377268,
30/07/2017,3227.718423,
31/07/2017,4213.965719,
01/08/2017,6993.389917,
02/08/2017,6455.436847,
03/08/2017,4303.624564,
04/08/2017,4034.648029,
05/08/2017,5200.213015,
06/08/2017,4213.965719,
07/08/2017,4931.23648,
08/08/2017,5020.895325,
09/08/2017,4662.259945,
10/08/2017,4393.28341,
11/08/2017,4662.259945,
12/08/2017,5469.189551,
13/08/2017,6634.754537,
14/08/2017,7531.342988,
15/08/2017,7621.001833,
16/08/2017,6365.778002,
17/08/2017,6276.119157,
18/08/2017,6276.119157,
19/08/2017,5738.166086,
20/08/2017,5200.213015,
21/08/2017,5379.530706,
22/08/2017,6007.142621,
23/08/2017,5469.189551,
24/08/2017,5110.55417,
25/08/2017,5200.213015,
26/08/2017,4751.91879,
27/08/2017,4393.28341,
28/08/2017,4751.91879,
29/08/2017,5558.848396,
30/08/2017,5738.166086,
31/08/2017,6365.778002,
01/09/2017,6724.413382,
02/09/2017,6413.92154,
03/09/2017,5344.934617,
04/09/2017,6948.415002,
05/09/2017,6948.415002,
06/09/2017,5879.428079,
07/09/2017,5879.428079,
08/09/2017,5879.428079,
09/09/2017,4810.441155,
10/09/2017,4810.441155,
11/09/2017,5344.934617,
12/09/2017,5344.934617,
13/09/2017,7482.908464,
14/09/2017,8551.895387,
15/09/2017,10155.37577,
16/09/2017,6413.92154,
17/09/2017,5344.934617,
18/09/2017,6413.92154,
19/09/2017,5879.428079,
20/09/2017,5344.934617,
21/09/2017,5344.934617,
22/09/2017,4810.441155,
23/09/2017,4275.947694,
24/09/2017,3741.454232,
25/09/2017,4275.947694,
26/09/2017,4275.947694,
27/09/2017,4275.947694,
28/09/2017,4275.947694,
29/09/2017,4275.947694,
30/09/2017,3741.454232,
01/10/2017,3741.454232,
02/10/2017,4275.947694,
03/10/2017,4275.947694,
04/10/2017,4275.947694,
05/10/2017,4275.947694,
06/10/2017,3741.454232,
07/10/2017,3741.454232,
08/10/2017,4275.947694,
09/10/2017,4810.441155,
10/10/2017,4810.441155,
11/10/2017,4810.441155,
12/10/2017,8017.401925,
13/10/2017,9620.882311,
14/10/2017,6413.92154,
15/10/2017,6413.92154,
16/10/2017,6413.92154,
17/10/2017,5879.428079,
18/10/2017,6413.92154,
19/10/2017,5879.428079,
20/10/2017,6948.415002,
21/10/2017,7482.908464,
22/10/2017,6413.92154,
23/10/2017,7482.908464,
24/10/2017,8017.401925,
25/10/2017,6948.415002,
26/10/2017,6948.415002,
27/10/2017,5879.428079,
28/10/2017,5344.934617,
29/10/2017,5879.428079,
30/10/2017,6948.415002,
31/10/2017,7482.908464,
01/11/2017,9620.882311,
02/11/2017,12827.84308,
03/11/2017,11224.3627,
04/11/2017,9086.388849,
05/11/2017,9086.388849,
06/11/2017,9620.882311,
07/11/2017,9086.388849,
08/11/2017,9620.882311,
09/11/2017,9086.388849,
10/11/2017,11224.3627,
11/11/2017,10689.86923,
12/11/2017,12827.84308,
13/11/2017,11758.85616,
14/11/2017,9086.388849,
15/11/2017,9086.388849,
16/11/2017,9620.882311,
17/11/2017,10689.86923,
18/11/2017,8017.401925,
19/11/2017,8017.401925,
20/11/2017,10689.86923,
21/11/2017,10689.86923,
22/11/2017,9086.388849,
23/11/2017,8551.895387,
24/11/2017,8017.401925,
25/11/2017,9086.388849,
26/11/2017,13362.33654,
27/11/2017,17638.28424,
28/11/2017,20310.75154,
29/11/2017,33138.59463,
30/11/2017,27793.66001,
01/12/2017,19776.25808,
02/12/2017,16569.29731,
03/12/2017,16034.80385,
04/12/2017,18707.27116,
05/12/2017,18707.27116,
06/12/2017,25655.68616,
07/12/2017,50242.3854,
08/12/2017,45966.43771,
09/12/2017,32069.6077,
10/12/2017,29931.63386,
11/12/2017,34742.07501,
12/12/2017,33138.59463,
13/12/2017,28862.64693,
14/12/2017,25121.1927,
15/12/2017,23517.71231,
16/12/2017,22983.21885,
17/12/2017,25655.68616,
18/12/2017,26190.17962,
19/12/2017,27259.16655,
20/12/2017,37414.54232,
21/12/2017,28328.15347,
22/12/2017,53449.34617,
23/12/2017,33138.59463,
24/12/2017,26190.17962,
25/12/2017,21914.23193,
26/12/2017,21379.73847,
27/12/2017,20310.75154,
28/12/2017,20845.24501,
29/12/2017,17638.28424,
30/12/2017,18172.7777,
31/12/2017,14965.81693,
01/01/2018,13896.83,
02/01/2018,17103.79077,
03/01/2018,16569.29731,
04/01/2018,16569.29731,
05/01/2018,16034.80385,
06/01/2018,13896.83,
07/01/2018,14431.32347,
08/01/2018,16034.80385,
09/01/2018,14965.81693,
10/01/2018,15500.31039,
11/01/2018,17638.28424,
12/01/2018,14431.32347,
13/01/2018,12293.34962,
14/01/2018,11758.85616,
15/01/2018,11758.85616,
16/01/2018,23517.71231,
17/01/2018,30466.12732,
18/01/2018,21379.73847,
19/01/2018,15500.31039,
20/01/2018,12827.84308,
21/01/2018,12293.34962,
22/01/2018,14431.32347,
23/01/2018,13896.83,
24/01/2018,12827.84308,
25/01/2018,11758.85616,
26/01/2018,12293.34962,
27/01/2018,10689.86923,
28/01/2018,9620.882311,
29/01/2018,9620.882311,
30/01/2018,11224.3627,
31/01/2018,12293.34962,
01/02/2018,15500.31039,
02/02/2018,20310.75154,
03/02/2018,13362.33654,
04/02/2018,11224.3627,
05/02/2018,20310.75154,
06/02/2018,25655.68616,
07/02/2018,16034.80385,
07/02/2018,16035.76982,
08/02/2018,13363.14151,
09/02/2018,11759.56453,
10/02/2018,9621.46189,
11/02/2018,8552.410569,
12/02/2018,10155.98755,
13/02/2018,9086.93623,
14/02/2018,9086.93623,
15/02/2018,9621.46189,
16/02/2018,8552.410569,
17/02/2018,8017.884908,
18/02/2018,8552.410569,
19/02/2018,8017.884908,
20/02/2018,8552.410569,
21/02/2018,9086.93623,
22/02/2018,8017.884908,
23/02/2018,7483.359248,
24/02/2018,6414.307927,
25/02/2018,5879.782266,
26/02/2018,6414.307927,
27/02/2018,6948.833587,
28/02/2018,6414.307927,
01/03/2018,5879.782266,
02/03/2018,6414.307927,
03/03/2018,5879.782266,
04/03/2018,5345.256606,
05/03/2018,5879.782266,
06/03/2018,5879.782266,
07/03/2018,6948.833587,
08/03/2018,6948.833587,
09/03/2018,7483.359248,
10/03/2018,5345.256606,
11/03/2018,5345.256606,
12/03/2018,5879.782266,
13/03/2018,5879.782266,
14/03/2018,6948.833587,
15/03/2018,7483.359248,
16/03/2018,6414.307927,
17/03/2018,5879.782266,
18/03/2018,6948.833587,
19/03/2018,6414.307927,
20/03/2018,5879.782266,
21/03/2018,5879.782266,
22/03/2018,5879.782266,
23/03/2018,5345.256606,
24/03/2018,4810.730945,
25/03/2018,4810.730945,
26/03/2018,6414.307927,
27/03/2018,5879.782266,
28/03/2018,5345.256606,
29/03/2018,6414.307927,
30/03/2018,6948.833587,
31/03/2018,5345.256606,
01/04/2018,5879.782266,
02/04/2018,6414.307927,
03/04/2018,5879.782266,
04/04/2018,5345.256606,
05/04/2018,5879.782266,
06/04/2018,5879.782266,
07/04/2018,4810.730945,
08/04/2018,4810.730945,
09/04/2018,5345.256606,
10/04/2018,5345.256606,
11/04/2018,4810.730945,
12/04/2018,5879.782266,
13/04/2018,5879.782266,
14/04/2018,4276.205285,
15/04/2018,4276.205285,
16/04/2018,4810.730945,
17/04/2018,4810.730945,
18/04/2018,4810.730945,
19/04/2018,4810.730945,
20/04/2018,4810.730945,
21/04/2018,4810.730945,
22/04/2018,4276.205285,
23/04/2018,4810.730945,
24/04/2018,5879.782266,
25/04/2018,5345.256606,
26/04/2018,4276.205285,
27/04/2018,4276.205285,
28/04/2018,3741.679624,
29/04/2018,4276.205285,
30/04/2018,4276.205285,
01/05/2018,4276.205285,
02/05/2018,3741.679624,
03/05/2018,4276.205285,
04/05/2018,4276.205285,
05/05/2018,4276.205285,
06/05/2018,3741.679624,
07/05/2018,4276.205285,
08/05/2018,4276.205285,
09/05/2018,3741.679624,
10/05/2018,3741.679624,
11/05/2018,4810.730945,
12/05/2018,3741.679624,
13/05/2018,3741.679624,
14/05/2018,4276.205285,
15/05/2018,3741.679624,
16/05/2018,3741.679624,
17/05/2018,3741.679624,
18/05/2018,3741.679624,
19/05/2018,3207.153963,
20/05/2018,3207.153963,
21/05/2018,3741.679624,
22/05/2018,3741.679624,
23/05/2018,4276.205285,
24/05/2018,4276.205285,
25/05/2018,3741.679624,
26/05/2018,3207.153963,
27/05/2018,3207.153963,
28/05/2018,3741.679624,
29/05/2018,3741.679624,
30/05/2018,3741.679624,
31/05/2018,3207.153963,
01/06/2018,3207.153963,
02/06/2018,3207.153963,
03/06/2018,3207.153963,
04/06/2018,3207.153963,
05/06/2018,3207.153963,
06/06/2018,3207.153963,
07/06/2018,3207.153963,
08/06/2018,3207.153963,
09/06/2018,2672.628303,
10/06/2018,3741.679624,
11/06/2018,5345.256606,
12/06/2018,4276.205285,
13/06/2018,4810.730945,
14/06/2018,4276.205285,
15/06/2018,3741.679624,
16/06/2018,3207.153963,
17/06/2018,3207.153963,
18/06/2018,3741.679624,
19/06/2018,3207.153963,
20/06/2018,3207.153963,
21/06/2018,3207.153963,
22/06/2018,3741.679624,
23/06/2018,3207.153963,
24/06/2018,3741.679624,
25/06/2018,3741.679624,
26/06/2018,3207.153963,
27/06/2018,3207.153963,
28/06/2018,3207.153963,
29/06/2018,4276.205285,
30/06/2018,3741.679624,
01/07/2018,3207.153963,
02/07/2018,3741.679624,
03/07/2018,3207.153963,
04/07/2018,3207.153963,
05/07/2018,3207.153963,
06/07/2018,3207.153963,
07/07/2018,2672.628303,
08/07/2018,3207.153963,
09/07/2018,3207.153963,
10/07/2018,3207.153963,
11/07/2018,2672.628303,
12/07/2018,3207.153963,
13/07/2018,3207.153963,
14/07/2018,2672.628303,
15/07/2018,2672.628303,
